,revenue
1915,3462
6864,45833132
495,11838218
445,343786
2941,6916869
653,99000
6348,83188165
2374,52604
3031,64780213
7068,108609310
6081,36500000
6688,16057580
6451,264
1096,26330482
1381,25000000
1623,460226
2737,880674609
6584,309208309
2786,101236
2154,9713500
547,16324573
349,3515061
5269,8894289
3113,8936663
7217,42487325
4541,474968763
1864,181466833
4400,1189315
4998,150000
474,6500000
1437,62985
4224,81600000
5757,47636016
7837,45681173
7640,27
1410,3500605
5055,20766616
993,28744356
3347,286000
1127,14010690
1304,921974
969,274470394
4878,5409517
6591,167805466
5321,414351546
310,8459458
5979,117094902
4734,148675066
2276,37473
3356,90425
898,16627188
917,3662459
1700,7286388
5708,25118063
4180,124305181
5099,2777280
7183,348319861
563,36606743
5365,236412453
2456,6856989
2428,34585416
2347,230698791
1817,33700
791,222300000
3223,7875862
1980,4417580
515,21133087
7134,74597643
2356,17218080
2575,1000000
232,2225098
5003,6265483
2180,156822020
978,66976317
1644,34522221
4269,20000000
1979,21888598
5299,378410542
2691,13555988
4324,41323171
270,72417394
2209,961000000
1663,15502112
4511,24267
6577,26518355
6825,2415396
20,136159423
7832,2052466
818,233755553
27,7847000
6349,5108820
7272,9195
2316,43455230
2645,76000000
7189,11000863
2722,603943
7773,291420351
7585,31853080
2733,48093211
4028,170764026
7927,924793
3400,276891
3350,15073942
7941,34949567
4810,16856124
7087,5285197
7118,107352
4812,74541707
3967,55181129
4251,7471304
1833,1200627
2067,46471023
1651,21890845
5106,355688
579,88
2878,18999718
2320,21170563
4863,6000000
5696,5450815
3098,2198044
6405,136982834
1655,12000000
2291,1686429
2103,107217396
6725,9709451
4218,566006
7232,35926213
2072,1822250
5043,877244782
5275,354825435
5362,168841459
384,100230832
4780,30859000
1640,25000000
517,123726688
1070,6819587
5051,16702864
6352,150000000
2844,6614280
329,384335608
4574,21709020
2225,7800000
697,265452
1326,1117920
585,310000000
2788,1337274
1051,17487531
142,615816
3659,15260000
4533,0
147,86758912
7771,20966644
3696,34251525
2517,132900000
4246,39514713
6811,763847
7549,36133014
2296,188133322
685,3788000
6984,25105255
1270,284139100
2359,6029824
5561,12639297
1819,314195
4788,68233629
4524,271430189
46,660940780
7556,10329747
7133,42108
3955,9322895
5550,950000
4966,59520298
1788,104931801
5636,178800000
4886,16115878
6666,24707633
407,6682098
395,900689
7628,609016565
4818,1708837
1929,1749201
4344,500000
314,350170057
2471,14010832
497,44065653
1128,29400000
6593,70595464
7940,6436211
6307,51702483
3806,116873
815,60740827
687,1382462
3423,12666
3989,7825000
3737,306889114
7952,27312
3757,28650575
1582,12000000
4590,753808
6675,58
2184,18000000
856,10000000
5292,47624253
2081,49797148
4741,76901
7866,6451628
4271,19351569
6143,21485066
2448,56359980
215,173965010
3526,0
1325,3983997
171,2585639
6184,7808524
6375,36609995
1994,47267001
2472,331926147
714,29174648
648,16300000
6205,32686500
5890,3964682
5552,224012234
796,33579813
6016,1620436
4174,356743061
8000,72617068
5184,174318
1882,20642922
3850,17768900
2437,325756637
851,2042530
3549,493214993
3001,480000
6387,99357138
3337,30905
1924,415252786
4452,1300000
4085,3014000
7285,3169719
5888,460978
1792,8349430
2993,219417255
1955,243240178
2805,2275557
2131,129000000
1361,45100
1857,1805884
6972,117813057
6833,397783
492,66351
5252,44000
3188,14858240
5188,7527232
3079,45735397
3362,124191
5885,106683817
5182,146292000
6327,35485056
5449,7000000
7784,51718367
3304,585174222
6851,3094813
7527,13596911
4584,363204635
2666,54674226
7876,201275
5535,1
7870,242717113
3743,30000000
5110,321952
1789,11403529
5914,4000000
6378,16000000
6163,3333306
1656,62000000
1253,57252
2723,3566637
3334,9566593
2830,665450
933,174822325
6470,72500000
6094,3983912
5250,13290368
1675,7237794
1608,159773545
2940,102000000
849,8500000
3358,29180280
7957,221303188
3131,183700
2281,7985929
2965,441809770
5304,10289
478,22165608
6385,101203
5799,1500000
2995,1596687
3956,44229441
3874,24084
1019,6272403
5126,0
6124,8996802
3387,32395
95,14353
2494,99303
5808,135039924
1646,35739755
2211,136400000
7792,14011454
155,109862682
4433,163876815
5722,2000000
1920,32248241
2257,49084830
2720,35150960
7353,160388063
6415,70687344
6416,291465000
1179,24689703
7171,1753979
4119,5380118
1530,47410000
2962,57330873
4169,732655
1334,227817248
5248,157920733
4048,119137784
3571,45000000
1957,119946358
7482,186003591
2622,37641
6178,70687344
2725,102471
1173,28281
2750,14980005
2751,29355203
2015,136000000
6857,559298
2533,2019009
2058,347434178
7490,4505922
5934,311950384
5531,17566040
3698,16815892
4666,277448382
250,42700000
3728,43440294
2585,1406224
6311,108979549
7614,270248367
6126,1477030
7930,3527636
4505,208000000
2453,1914166
7459,65460
6148,3142154
3738,12225023
1749,26144
7497,105011053
1095,352194034
6534,1104682
4714,11787127
7403,83615414
7793,1672940
7803,1612259
5052,50752337
2449,36779296
734,1023784195
6559,205405498
3289,10539000
4182,269958228
367,1644060
5066,24500000
907,128499205
7377,2294291
819,2402459
2623,90024292
5987,71585235
6528,43318349
229,2474000
5826,27484464
2267,90508336
2266,374111707
2811,186702
7320,1
7537,25052000
3854,609841637
2109,502758
3138,163712074
505,10759
2415,23202734
1004,4235151
7173,31651
2686,123182
3295,2280148
5119,14752
4815,3176880
1518,269823
5098,115229890
6377,11390479
6496,321731527
3104,71073932
248,147080413
1157,7339398
80,9237470
728,16656125
511,194647323
2979,77477008
6151,18644570
5907,205668210
674,76932943
2565,21567853
6542,61389680
3794,17762705
4365,173046663
2717,110996879
3937,529076069
1688,91636986
4082,1794187
2060,32483410
1066,9584131
6127,12077441
4036,29202884
7589,156835339
324,5669831
29,94935764
4423,169837010
1166,8500000
138,3065860
7901,62076141
272,46044400
5829,86947965
924,850259
1961,35456
990,13885802
7896,259175788
6101,22182353
788,2334228
1323,3337685
2659,25754284
202,110000000
7715,110627965
7869,15447154
7244,357986087
6156,24172201
2904,16491080
4980,720074
2426,1334173
6448,59827328
6070,175372502
2697,11000000
2753,22921898
2422,6347072
7001,143695338
3500,543514353
4419,13475000
5477,1628154
7532,187112
7317,9524340
6137,13200170
3026,60765
7382,56303596
4582,88823111
6899,63174
4299,200512643
84,13101672
3483,944915
4388,61255921
108,18535191
137,4350774
4747,964206
1390,68106245
2259,1829917
7821,250000
6975,6948633
7934,44785053
2183,918239
6152,14900000
7418,4398989
7783,19
1405,36894225
3817,55494066
5296,4607608
2769,42333295
3212,368100420
1413,524668
2918,1700000
1908,152427960
4891,2000000
3863,255000211
1670,24145613
2952,65663276
6727,38585
1264,31720158
2389,20000000
7593,424988211
4919,96800000
447,254134910
5047,7200000
7517,65048678
5446,102616183
185,161001698
3053,8109160
3925,631744560
6291,149878437
5994,187500000
840,2978994
7542,21587700
4859,30169
7315,30857
5560,122915111
1832,36144000
2210,29326868
7642,83282296
4641,38399961
2516,12173470
5925,3377430
5455,98337295
7799,694600
2926,41098065
91,215339
6590,4856298
1197,846704
1805,33461269
3462,24946533
5518,4385516
2833,60328000
2496,605562
7862,102600000
1333,15504
2900,486937
613,16980098
2566,2899975
696,20000000
1754,1
3030,63931
7059,149542245
7623,11772461
7745,3250537
654,553198
2670,22270
6315,12484444
3603,550782
7110,203277636
6201,5000000
6954,2
7360,14500000
1427,119772232
7865,195268056
1273,16929123
1744,83719388
2903,18928871
1369,49000000
4834,20423389
1717,242688965
1136,50673078
1584,20455276
2165,10076790
6843,11859533
1385,970816
1509,3214116
4394,28780255
1000,13878334
3801,22441323
2367,27734391
1522,243000
936,14000000
5650,123821
284,48126384
1936,14051384
14,358372926
1259,418961
2639,67112664
2967,7600000
3985,44460850
6924,160000000
3489,7000000
5581,45000000
1546,519535
2170,15656193
2938,403170142
5909,8892589
5958,314178011
5889,5753490
5263,105173115
4564,12700000
1565,133346506
534,46474
1030,21107746
5549,24000000
3407,40758
7528,36192775
1280,19204593
1222,559852396
7695,274703340
4204,173000000
5364,14061361
1834,102780
7568,365134
3361,19294901
5012,35000
3851,9538948
3853,500
5566,8100000
5193,230600
7899,1777043
2357,662845518
4918,45640143
4989,1378
3707,71441250
5134,4534
4531,123205624
481,9400000
1483,79799880
1899,355962
2856,24186232
5833,3500000
7196,1579260
2571,126150
117,253625427
3775,176104344
4496,35168966
4835,232380243
5898,207945075
4977,868439
6693,4134992
6418,29385320
2016,28341469
6978,69821334
5910,3119957
922,35348597
1010,140795793
3927,23311391
432,109130
5273,12000000
1566,11000
4189,29027914
6133,1400000
2681,1702394
1472,153698625
6329,4496912
1444,34710627
882,149217355
7397,11455
6912,55041367
6938,358375603
4042,9708373
5640,68673228
6842,1328001
2552,250200000
7971,4711220
4538,11000000
2277,292279
538,474171806
1662,36000000
2992,1213880
2707,17292381
8003,34505110
192,37915971
5926,34441873
7104,89325780
7959,1162422
6323,17307019
783,22697691
5123,13167232
1671,24769466
6599,43058898
7167,118587880
5590,7385434
1311,28350000
2914,29918745
1942,10018
631,1500000
7505,29506464
7346,260502115
7161,81071
1329,1942423
2273,21706101
1407,218613188
2647,694713380
3749,39438674
7996,185770160
5200,98017
7310,30749142
5260,13196245
6623,61698899
4007,5
7129,208475
6848,24000000
4397,50300000
7293,2000000
2166,60209334
7915,7200000
4231,174600318
7477,4507463
1296,33000337
7814,822
5870,119718203
4257,16262415
6425,3849941
1601,215529201
5815,18994653
7538,47434430
3733,939423
5820,5546827
1777,13308
7943,71000000
2921,2608000
6691,162944923
5088,5048693
2710,3100000
7914,256697520
623,137298489
6135,82392
2891,28128670
4278,22611954
1737,120620
2699,192816
373,10609321
7266,60052138
1425,391081192
7044,122563539
7853,22228000
3621,8159508
414,179379533
1276,40239
294,653428261
6622,7316658
3996,88097
4927,5935269
2479,56702901
7798,37608299
6818,7680000
6923,84375061
1363,10000000
1308,3646994
935,4215859
3324,11285588
5310,1051948
5224,586764305
7928,4214668
1230,193355800
1721,54744738
5724,82
7622,463406268
2980,2500000
1632,19010585
7873,4978922
2713,57059003
2262,19701164
7435,8000000
7965,3800000
3870,14144000
4013,2500000
845,136766062
3496,36850101
1931,50892160
6660,4500000
1476,11293663
2763,27053815
1116,38172500
3348,2849142
5961,472370
6195,78638987
636,36565280
829,11276
2264,216614388
5242,397850012
4158,8880705
4031,152266007
2309,26589000
2618,327803731
6435,9495408
4041,15306000
5991,441286195
1263,4627375
6832,10429707
2826,7412216
949,8475466
5036,119520023
2053,258464
5699,8974829
2218,7659918
3134,118880016
5302,60321861
3255,273137
4304,332710
2124,77068246
6461,9127383
7540,17808683
3268,43059790
4489,21148829
6199,181813770
7160,22030000
1847,209935
377,5080409
7726,2955039
3933,41675194
5297,47
4192,1200000
2036,355237933
976,39459427
5285,48398
184,237681299
4212,8620678
6276,212902372
4112,4424699
6123,178120010
3326,10443316
7257,292817841
886,306
7765,71079915
5353,258263
2487,2948386
2527,44349000
2432,580527
1064,199436
1453,80551
6700,240697856
1617,3537961
4600,38805380
7031,122444772
2600,23598
7705,358590
6569,223387299
1707,17432163
989,1675706
4976,300473716
4217,759393
7691,60864870
890,8125592
2229,5099316
988,134095253
4162,3283369
228,638641
5007,18928
2268,73276047
2587,41480851
5510,9200000
1763,2500000
3834,823258
7860,9747
1541,3
7162,20603715
1926,195312802
5578,6852450
2694,76657000
2688,2627209
865,9448082
2332,111996
7734,25792310
7368,2023414
15,198
2069,143000
7083,1034589
3750,388
6264,65470529
3442,360895
7097,42721196
2842,17297244
2130,78378744
2409,48814909
7268,125729635
5665,6344112
6031,104478416
5902,259
5942,565592
7694,48169908
7723,5471376
1174,4706919
4759,2238600
4203,11620000
2970,411006740
1192,64256513
4029,83305
6897,155010032
3932,0
1180,100659
4005,81967450
6203,6000000
7132,90029656
561,1600000
3522,5024782
58,119563
7096,430041
1217,330444045
1097,80000000
1861,714766572
7313,42400000
2068,4100000
441,1986615
774,3317662
121,448000000
5868,1260761
8008,64065
2540,3623330
5264,75981180
6317,133771
1067,51079064
4783,788680968
2922,12520799
263,14000
488,108782847
3841,5359645
2989,100202
4797,30177511
658,754249
6779,161
7872,183474602
7790,123276807
4726,0
6561,87713825
1371,1919197
5327,2331721
5418,2281089
6215,5519569
459,25405445
3411,57103895
2495,3200000
3780,84500000
6462,6670680
2963,44038000
7551,15116634
5351,133332
6551,219788712
739,158733820
5891,3721345
309,110230332
6930,20217080
1050,29762011
404,8143225
801,14016568
7386,855450
566,7900000
2299,264118201
3875,21510851
7863,304654182
1277,41232
6537,335154643
7234,19560274
2728,646714
4933,24941969
4307,33583175
7933,100477
7867,25205460
5230,140312928
2007,2610000
6828,100000000
4887,32168970
3852,197011982
5877,8946600
3790,1666511
4581,64414761
551,104399548
6648,5972942
2605,221295
6974,48063435
3921,139000000
1248,96889998
1455,3752426
2265,500000
1594,40855419
2654,60726164
5607,4900000
5447,5507396
4595,19300000
4987,1143856
6586,31430334
1745,78371200
6533,61000000
1868,630161890
1293,151161491
5583,14110013
2368,7865
7442,22482952
1703,3867000
6806,74237563
5937,1064454
6342,12729917
1953,31899000
868,108539911
1563,30471
476,6375979
5602,65090821
7791,6508
6841,400200
5342,274661
7072,81368
7588,50000000
7057,4366460
1614,40846082
5604,381420
237,1622164
1635,13273595
5483,19726050
4213,10827816
2164,101134059
2972,8685526
7229,90449929
7661,63408614
2025,25513752
2271,3764219
6597,1
71,16756372
682,46405336
775,7732325
5213,215294342
7406,6330054
5456,26768563
6654,1007583
755,6000000
1766,1486992
3745,29170410
5087,19450000
6994,5186646
3970,216763646
778,29252978
5582,5241315
4871,2403749
2143,15179302
7316,271375
3299,16724933
7345,8250000
7849,12000000
433,147845033
7591,43498108
4243,1428291
33,7171
493,37803872
735,58662452
5196,136000000
330,5588800
178,125212904
2140,4291965
1963,103173635
7998,5200000
1120,32222567
5282,664747
5262,45967935
5354,3970078
3190,38016380
5874,46749646
5288,2015882
6544,0
628,6174491
5281,9696204
1519,82703
1922,71000000
278,23020
6567,70100000
7543,3728888
6279,18962444
500,741766
2949,6000000
1044,38135878
3777,178104
5203,157645
211,470654000
133,211780824
951,20080020
2455,549368315
6332,114247
7758,44235023
920,2683519
5254,478207520
6128,48132
4294,715
3077,121545703
7029,1309316
3055,22939027
3934,2835116
7115,10166459
5875,953
3795,449702
5460,869325
591,234748
7338,24995
361,9700000
8015,69631118
7963,20246790
1374,12803305
4108,167000
1056,107559
6813,3727746
3029,5530764
5629,13960394
7373,102854431
1265,28208
3351,16942795
4311,29000000
4771,144056873
293,310724
5156,8461686
1094,194168700
4500,13411957
5233,623933331
7094,60655420
8018,24517
3451,16159325
7412,11800000
7099,14400000
2256,138000
6728,108348
4000,45610410
277,164000000
4999,1369280
3142,33616692
6503,36800000
6501,82391145
6146,17752940
4227,2494480
4152,16373843
3708,286214286
2703,10571408
6301,9205924
2429,19158074
7822,116806
5637,201634991
7215,5965
6449,23321954
219,3166000
7325,6700000
1625,73762516
5827,3900000
3994,72258126
5589,17423030
839,9797098
4114,3174695
1451,413454
738,37279439
114,871368364
4678,19853892
3858,89417
2711,51000000
2893,141000000
5947,858250
4970,27362712
7022,5750401
4510,31724284
4074,752100229
7514,956019788
5349,5914908
7962,12136938
3048,2074000
4890,7972967
5521,288
2329,4820000
3470,142044638
41,16217773
1436,1100000
7078,86865564
2943,28921264
3288,173567581
24,4947717
3516,36348784
7916,55675257
5621,49230280
5980,299792
5624,2341534
207,66000000
6325,30283
5378,330048
2350,38505009
7253,16441438
3652,19682924
2617,611899420
1743,20915465
6773,1429299
1037,35078241
1779,70906973
4915,128798265
1049,218340595
362,5249225
1219,1296184
2932,20000000
1470,1730000
4504,20173742
183,17555141
3399,20300385
875,50159144
2121,161025640
7634,17500000
2828,56000000
2160,17671101
2742,100914445
2351,333000000
7112,19576023
2035,550000000
2838,25442939
7492,17570324
4149,2000000
7594,852206
3318,4500000
1032,40266982
1314,6341855
6585,1030938
6100,67312826
3418,14431253
6906,15730665
880,1072602
130,9800000
7228,38413606
7649,50461371
135,300000
3060,1244381
7456,40343446
4770,60000000
6997,9128263
6445,96047633
4402,682330139
2345,13022756
2438,40084041
6949,463517383
3694,47231070
7894,25288872
7669,43545364
5195,6833445
7530,28000000
1305,25739015
4126,82394288
3067,56386
116,311
5605,29128433
7438,123306987
356,119269486
4040,33833201
3614,34252847
6640,8771757
2193,1461989
982,12118661
7502,0
7493,35007180
1674,77516304
2579,67192859
6176,3777141
4255,6330000
4640,5923000
7577,128038368
2537,4811525
6219,26800152
2743,55495563
2113,25000000
456,6000000
6134,25224242
223,352927224
6166,92380927
7570,144822
3776,52597999
6732,1500000
6824,14711793
5748,3
3481,23159305
994,65595485
1069,5596708
1551,1553826
7441,3191971
1769,7900000
5905,52223306
3711,118090836
7428,17801
7383,28200000
7654,24
6313,32482682
1469,1317657
7736,221805
2010,8153677
7525,16971
7621,18612
7427,187884007
169,24600832
3457,60474340
6957,508084
721,62852
4445,321455689
1255,39598448
910,2340
7655,4000000
578,12434778
1002,21284514
6560,54915
6500,23000000
5726,138530565
23,17011
148,147214049
2915,351692268
2547,585349010
7636,1
4315,1681521
1964,7406
149,432274
2548,39768000
1151,709709780
7251,1218730
6601,82150183
1224,142337240
5287,3992809
5893,122426792
2022,46221189
3917,24164400
1598,373062864
5620,85512300
533,126248813
615,1107542
1139,444098
5423,2186782
4802,29844753
705,36764313
6790,56309766
5574,5164404
6645,2479538
2683,57469467
4527,69834815
2584,47000000
3329,82701
6655,286168572
2354,31179516
710,9504139
2189,3200000
7487,88036683
7237,98690254
2696,27400000
7558,571006128
5697,15543000
2909,48902953
1997,44332015
2018,773328629
4735,147298761
3410,529766
1952,14836
5615,481840909
6862,10686841
6029,16894678
5337,542307423
1534,140987
7002,99423521
3892,42426912
5768,60462347
6552,4922166
7845,54700105
7098,24441725
6783,8307227
305,193772504
7330,4654288
5293,31000000
3752,343397247
3403,1864266
3754,2451545
2887,36642838
5770,5050000
120,347325802
6396,55060212
1054,14899417
6429,210308099
4756,23737523
5234,48143579
7836,378882411
5221,55969000
6540,71992655
6723,112544580
4525,119285432
2233,55583804
2231,3533227
5346,604856
2196,773228
1225,223003
2550,31911598
1316,21930418
3862,610986
7786,70958
4794,45636368
609,273644
6424,77200000
5464,27843
6602,26394
106,15134293
5883,349464664
2369,154937680
5471,38
1183,8303261
1027,6472990
2327,73326666
3116,714544
6397,1941667
1493,13818181
2416,6341684
1666,5887457
2775,539896
3600,14460000
789,95311434
5948,610792
3395,178043761
7794,21819348
6294,794861794
4694,117932401
6312,18000000
5630,17772506
6869,14793385
3623,16872671
5715,1775316
5219,592461732
477,4267218
5718,8969065
5608,28000000
5632,248118121
817,22000000
1188,34664
2905,589304
1342,1113277
3528,4388563
6770,1325092
2263,7965
7204,634151679
2807,22175908
1554,10676194
7665,299965036
4562,4300000
1167,30658387
5920,557241
1906,200406
650,135000000
321,183018522
6047,690860472
1705,7218340
2671,14202899
1418,26279000
5368,59600000
5835,5900000
2519,1500000
6522,15473333
7693,149281606
4034,41325328
6211,25975621
5005,28008462
1923,6000000
7720,342519
4789,1402307
6237,50282766
2690,69055695
6158,1702433
4201,41009669
6459,126247
300,48572000
3725,17883410
6668,300000
4576,18016290
1477,226497209
4749,13785015
1087,72778712
19,85167639
4772,32645546
2890,83080890
781,1646788
1870,10400000
956,1301696
684,1262886337
7448,125427681
4190,776691
7135,35841901
1159,147332697
7055,2960993
3837,368234
2981,93000
7016,8000000
7468,14000000
1003,1841260
4449,2000000
1569,239606210
7975,20768906
5265,4596705
25,8403433
43,1020921
6838,2550508
4261,10600000
35,40346186
2387,886686817
7248,65079104
5363,269144
5915,8038061
639,8
3810,752600867
2765,11990401
4809,3142763
7256,7002261
7045,19791
3620,33750478
4448,1784763
1958,389503
3302,66980456
2869,54837234
678,1296937
4644,76249438
3129,18553948
4360,75505973
827,150000000
7756,3180674
3028,2816116
4442,15876353
1596,26488734
7846,102338515
4804,159157447
555,600000
722,7399763
6718,5778353
3415,151203
4164,24000000
2240,572809
4973,84552250
6646,3982459
6929,259012
5494,6748712
7236,104155843
2859,25034000
304,6193901
6131,61399552
5452,10680275
3270,173185859
6499,39723096
6858,24121245
2754,20381995
6966,42273609
7574,7022728
7604,3909002
3000,42538454
6389,86572238
506,6673422
7651,3826459
2328,30353232
647,2500000
1846,530048
7209,14822346
7513,44793222
7656,704000
848,18000000
1190,7
6489,1198346
1148,129042871
5760,212874864
854,2411594
7843,47494916
462,171120329
5617,3
1332,836297228
1348,14717854
2823,852336
3357,1339650
4216,6000000
5997,3600000
1798,34725000
7877,15345201
7898,0
5488,7356393
5489,2011837
5267,47351251
7138,43884652
747,11122090
1335,31000
7063,74787599
4737,11782282
2057,239894
7575,1193062
5825,7467504
2358,370668
7906,95020213
980,91188905
5762,4250000
5821,140000000
2101,1332231
4898,1171559
6023,80383290
4157,29193330
453,12534961
2734,97552050
5619,43763247
6337,1016985
2906,227799884
5588,1790061
6232,15431177
4301,26673242
1921,86362372
2492,2861020
768,2262223
3419,42039085
1714,2091037
5311,469160692
1898,6488144
4295,23430766
3149,134241
4587,127869379
6989,2484095
5532,68688831
3747,10005969
2199,33889159
4168,2209023
6442,17112713
6280,15304890
7469,24911670
1609,1929168
6376,137551594
5688,3000000
3816,36782781
1366,593683
7390,955401
5529,22187813
189,16337881
7426,12534817
5798,31987563
6991,402352579
3139,20967660
5943,14334401
4563,1432687
6581,10389003
6447,369884651
6258,33333531
6692,259207227
3058,14348529
2071,15704614
2675,1862805
7249,1600000
5789,293329073
5226,14400000
860,14782676
5614,16318124
7122,11837022
4718,3558669
6854,92601050
7581,1943649
7060,99067206
744,78868508
6847,1221832
4322,88323487
1491,22159216
6054,32589624
7491,102205175
1987,13200241
1892,40105542
2423,500000
681,11000000
7447,19924033
1479,125
6611,1243980
7908,160112671
144,11000000
4669,5093707
3154,20085825
6788,873634919
2836,3878993
7917,12000000
746,249905
1665,235860116
1888,11000000
5355,115922175
4250,27100027
7423,334615000
2709,165333180
1482,62022014
7584,131016624
3626,1738611
5836,106956330
1547,182290266
442,832735
6441,17689177
6807,15938065
2044,371940071
2255,100
4795,40442437
3439,16000000
4396,8179416
3133,215663859
3624,300000
5843,4100000
4340,10165694
5824,281929795
5033,111231041
5517,13368437
642,288752301
5063,3200000
6306,307811
7531,7205073
3962,128107642
754,10409377
5832,340487652
5506,150962475
1855,24377151
5720,22518097
383,68929150
5205,155446362
2790,145896422
3290,304852
1759,276572938
779,55447968
4416,1499795
5191,2570145
7987,458557
6086,5549200
5512,19870567
5338,51801187
2361,12000000
7095,4300000
7714,82515113
2153,519204
2477,19131000
7657,219103655
5950,159414369
2062,288500217
7571,7434726
5082,12000000
3352,40400
4177,4166918
6120,5271666
2486,93945766
2684,4300000
4766,45479110
6409,104384188
5249,3283371
4586,30036000
5804,322975
7924,7305209
1401,212000000
2319,3566225
1443,10755447
5340,17233166
2701,6892098
7309,1957000
4240,47386287
4121,2351359
2390,10000000
2435,3956913
4883,117758500
429,109676311
3074,44547681
1367,7000000
3047,206272
3150,2375097
4260,0
158,19412993
351,116019547
6985,201607
251,10017322
4237,336529144
6321,203388341
5161,5830454
7090,3076820
3964,187134117
5957,396600000
5341,179213434
6421,28814580
52,11000000
4300,85412898
3033,37823676
7774,73121
986,19738015
5912,128769345
7780,177243185
6484,15600000
4125,69474661
822,170128460
2658,25147055
2306,41162041
5659,46442528
6033,2420917
3529,14375181
6863,3946880
4967,7000000
5995,71215869
1075,1984662
4888,84618541
1698,120081841
2857,6500000
4148,3759582
389,195745823
3700,108332743
5332,33662874
1939,22812411
4014,14659448
2556,148426
4117,775398007
1235,7644937
4495,2957978
786,70067909
950,8251071
3220,10012022
6521,38348988
7422,286801374
7953,1132112
716,17953778
846,7227038
4175,37895
2931,36754634
1014,957240
7137,449707
5721,9879971
7429,216972543
2665,71624879
2331,35057696
2848,67347013
5270,14225876
5556,17322136
203,527068851
167,144216468
7815,1238764765
168,41833347
313,6297
4615,57400547
760,24793509
4015,7411659
6684,67738090
4728,12035862
2457,587615
2146,181107
6903,1675381
1884,23
308,21800302
3305,256249
4610,79082515
4724,382879
6651,86387857
3095,30911
7359,119418501
4206,39103425
6575,53653224
6934,328203506
6413,90450008
5309,3800000
3701,18875011
1677,24902723
1040,5446000
1337,2600000
4303,6521083
235,27297451
2212,32204030
1946,4069826
883,77278331
6553,86157237
6548,34416893
7808,1000000
2301,1110566
4183,12974636
7460,49718611
6520,219375562
855,887029
3873,4094339
2120,60000000
1098,112343513
575,20710451
2381,494506
7533,358994850
5513,7000000
3006,2611555
2288,6101904
1599,696681
7194,78096553
1100,3370574
525,25345000
1220,20566327
5157,6413915
6021,68377859
4019,19075720
1628,41158757
4366,9612469
2634,3554460
2377,92991835
335,38307627
3111,27206120
7972,29950000
66,204940
4233,7182
188,521311860
6618,4000000
275,602042
1575,11582891
4199,9112193
2599,250649836
7608,22136
6879,2365467
5570,214015089
4811,10719357
1112,60845711
4437,30238577
3472,30331165
7682,43967255
6793,15240435
7573,164170327
7644,1314230
1442,443684
90,180949000
1962,42647449
711,4385312
48,653951
5652,1400000
4703,46118097
5646,643557
6571,103
2192,156844753
715,24188922
6229,1345236
7503,21750000
5465,68129518
5215,33300000
2933,74608570
4277,109578115
3402,4000000
2258,113493481
947,124693
2977,29700000
6795,12506188
7049,4790751
1762,119500000
1480,5000000
1058,1108462
2206,18253415
2338,100853753
3221,5735963
87,32392047
285,1614266
5940,70611210
870,6101046
1141,11
2877,51973029
2269,287553595
4684,48000
6962,24829644
4052,119188334
4750,63848322
7981,25965144
1466,224803475
3209,98267558
7254,13500000
3572,122650962
5154,19740070
6826,240031094
7744,551760
7335,710644566
6266,74208267
6706,11000000
17,1234254
3739,28570902
5816,11718595
5878,205068
7777,870751
7362,163720069
785,764083
4518,3500000
164,62771059
7354,22852638
2340,29359216
1849,18000000
1831,9816332
4699,86468162
6555,8089290
4568,684351
1757,639000
7245,519311965
6563,3412497
958,142851197
7052,30626182
6186,27007143
6596,153962963
7008,309973
5694,31083599
5986,107944236
281,66486080
4782,137783840
1577,16000000
1118,107879496
6072,37151
4030,415686217
5320,123572
7275,2556911
5405,361366633
5400,3468572
5573,4500000
1738,46434570
220,10652498
2009,340312
6224,1148752
7818,2084628
6663,42313354
4647,182057016
1340,68349884
7180,8801940
1082,985007
638,1400000
4932,21353303
4043,229094
7966,2035470
4874,6467348
3860,14946150
2424,73648228
2677,19516000
2705,5410749
6334,206071502
5277,8946237
2091,22044277
5414,40100000
3049,3123963
1169,87404651
1818,649398328
1364,19300483
2597,16757163
1423,30551495
1875,68514844
3296,678604
186,3833507
5274,747862775
5666,21095683
3748,6134438
4682,7532911
2168,2500431
1588,23083334
3741,27305571
7121,38702310
6853,23562716
239,57588485
3444,20377075
2112,24760338
6721,245676146
4259,4453524
2411,223664608
1079,6860853
652,49501
2145,22433275
4363,40697761
7602,33946224
241,18662027
2510,532269
3367,2465960
7271,192400
1770,7025496
1339,4588176
6959,78396
3445,98126565
4717,389925971
6438,302000
6915,85280250
1402,11472454
6159,8786375
670,3100000
7993,22472631
6565,15946321
297,56489558
1052,10541523
7414,14000
2014,392000694
2239,91000000
406,14110589
5867,34994648
61,14400000
302,2945242
4796,136706683
7146,635162
2746,49627779
4502,7690013
2606,176885658
6153,64626786
3187,8200000
3103,33400000
7770,44617342
5763,15608545
2504,3960327
4513,8810591
5503,161777836
1243,716392705
4512,30400
4860,171844840
6814,27728118
7286,165888
3293,193921372
2311,63833449
4873,30867525
3782,2367161
520,18195610
115,41604473
1734,244527583
4991,43995918
5192,156021
7888,13936
2560,12065892
339,2200000
3291,864659
6486,236049757
2102,157100845
7776,89800000
1090,36869414
6507,33736689
5594,238227
2692,40903593
6799,22889018
1421,43471
1951,2628241
4256,145000000
7046,698200
1760,596000
2313,114956699
1765,14631377
3473,7500000
1586,232324128
303,22886222
4214,746846894
6910,13700000
1399,62788218
3787,143485
3022,45554533
3343,20060051
1739,122417389
3499,25000
1029,157387195
6458,30700000
443,4300000
364,60289912
7151,0
3394,18295
83,40400657
347,1
5445,56870414
5194,69564
3999,24816118
1001,42070000
7520,34872033
7897,7800000
5998,1083683
1358,101300000
7718,9104716
4646,40283321
2370,301000000
1664,90383208
543,926287400
6174,50000000
5040,2409225
6179,236350661
5901,1615018
794,93617009
5562,60700
1502,81272766
2882,6659377
3433,27685016
1854,18803648
4798,211989043
2927,431971116
1659,8178569
3323,15008161
5587,5092129
187,921000
7700,34000000
6512,7888102
6562,114977104
247,92180910
4534,26620002
5208,900000
2235,1400000
693,2450846
2395,248392
5325,20400
5911,0
2886,202000
7804,9726954
262,17636261
4779,45710059
5709,63782078
2799,134748021
6617,141864
749,84565230
5639,181001478
6394,603873119
4209,90247624
2573,8690429
7858,6108720
7402,19660000
1459,4159678
7518,13684
3843,27354
2582,8
427,2012927
224,500
2925,142817992
7351,7000000
2873,115860
2227,363164265
5474,253899
1716,5101756
6774,6463286
2278,7103973
156,8262833
7355,409144
4002,53825515
6164,383294
3401,36000000
7061,2141028
524,8500000
4697,9630444
1941,1100000
1761,1506249360
3919,1156000
3746,8025872
6048,122126687
4633,572700000
7848,17062499
7033,1156730962
7322,269994119
7208,222446882
6161,91549
5773,71255003
151,16905
2373,87100449
5523,2915767
6175,21009180
2191,48190704
346,87416021
3136,34694
6196,2154696
5461,674918
3146,4505
7546,8786756
1859,32726956
7480,1412181
85,152022101
568,17768012
5933,245000
831,3148182
1008,19472057
2132,99965753
4123,2945600
5522,37295445
2884,331816
5992,68267862
240,5790448
7417,46665856
6087,51600000
435,300859
2633,37664855
4984,67308282
945,43650785
5450,153205
2536,14200000
5116,27388767
6476,38085778
2142,4905000
3653,20324096
6517,12885193
57,238207122
866,8000000
5009,4349187
661,10016934
7830,61782
596,21028755
1409,108083
4808,33125
3569,380806
6682,8784318
6316,8380329
5113,46908987
2349,441306145
7524,108154
2503,49364621
1205,50244700
1412,108286421
1450,87784194
7432,27139524
1449,30524763
7079,191502426
1704,89162162
4674,5231128
54,46069568
7289,85154
5900,68282844
7108,199043242
5504,4882577
1746,4000000
5001,12379402
6071,7951247
3982,2336172
126,15500000
526,17425000
3697,9172000
592,44703995
1347,169852759
6079,16930185
1751,14054361
3311,546388105
7392,60780981
2679,23057115
502,316472
3051,62646763
1860,566736
3979,175742
622,4073489
5689,41670166
7202,51155219
412,97594140
1505,16374328
5752,15121165
5831,321365567
3315,18490423
7887,738599701
4598,92
5543,24261569
4905,231976425
2445,32155047
7759,677387716
6578,527000000
196,136203
6510,29450919
5229,17549645
2386,21700000
7223,214600
519,28258060
6466,65796862
2808,70136369
76,500000
218,5010362
4364,169976
1657,49002684
4593,7630000
3758,89328627
7948,123922370
3004,653621
2978,1053788
3730,104945765
4266,30930984
6595,39143839
887,54586584
612,8203235
7344,487853320
7445,4619014
1191,46089287
1783,616801808
3023,37311672
876,42160849
7341,63013281
2452,95404397
4003,215887717
1272,102272727
5223,1632
844,1012189
2806,86369815
5258,20728
6837,31807156
5372,264105545
3189,5100000
4447,46770602
6722,72436439
7816,24058838
3872,553799566
4193,38625550
4308,222809600
295,5873871
3040,182300000
2083,3848034
1232,473993
4341,250100000
486,186883563
3369,62112895
2784,34967437
2583,9109322
4842,201965915
4687,739690
1327,27122040
6921,40000000
385,229736344
6614,83453539
3912,4736202
2094,2802459
1825,5765562
2051,1494399
6642,2118871
1033,29235353
1607,240978
2505,8910819
7017,2647055
5135,20000000
6074,3049135
2185,7191399
1249,419651413
6393,272742922
6694,25000000
7590,28575078
4154,18635620
3043,116207
2795,4069090
2643,100076342
995,1530216
510,9600000
3257,60487945
7632,9100000
5929,119
5641,76270454
5633,327345
2005,18591272
5417,34377585
2020,5741608
1748,666045
1005,151493655
110,67631903
7787,4603929
6308,43880
7092,1600000
3783,3109904
2539,188126
5280,861789
3039,13191
7471,443140005
2847,1625847
1504,286201
2950,114908830
1900,266000000
2524,396003
1696,5000000
6160,793775
6382,33621
1650,63463
816,41205099
1691,60611975
3835,3309421
5844,4684165
2139,105200903
3488,349899
621,837000
6615,1102469
2636,67918658
3363,16549477
1556,560069
7458,25024919
5484,9116968
6310,5500000
1088,4367497
5520,4439431
3300,850994
1462,6491240
973,78874843
7565,10000000
1286,67642693
7449,12303904
7878,35000000
4537,19152480
18,1749457
4393,26000000
5651,60000000
5951,14109284
5953,458996
4862,624026776
8017,14674076
398,75505856
2557,7011317
4070,165000
1630,604942143
6233,16647800
1903,4800080
1959,500000
3606,750000
1689,457163
1515,84785914
3846,1772000
597,100523181
2966,87840042
3710,528428
516,6000000
5492,2466444
2326,783112979
5306,71625195
757,163733697
100,9229401
2059,8555008
1830,309457509
4522,21500000
719,190000
4978,140705322
39,14873
6295,7770731
3453,69701637
5204,1381665
494,7306
4081,5900000
2335,263404
4298,4508104
5797,1081
128,46201432
552,141591324
1850,6538177
3266,88933562
1527,2260622
3524,64445708
3458,324138
3409,39481
5381,115664037
7372,10500000
2785,10000000
1074,10000000
7453,25059640
6504,9800000
6852,15200000
6701,6660333
7885,22593409
4634,8000000
7185,42580321
426,18197398
1072,7390108
5451,2521
1028,1778391
296,52322400
914,4600000
6657,10967
6473,449326618
2736,16775
3144,57231524
573,10013424
334,3
4106,15171476
5596,345872
7673,31596911
5146,1162635
7276,2852915
7921,312751
2541,88058786
6044,0
7485,14870
1853,50504655
7291,16668552
926,96618699
5884,11359129
1345,149295601
3599,70752904
2662,500000
1245,2736000
2125,164508066
7483,4250507
4434,10550
3303,9250000
530,36000000
6592,0
2586,12368234
3968,5000000
1536,16002420
1300,116980662
4225,1550000
2512,50671850
6831,701729206
8,34327391
3114,55247881
6025,21011500
7605,48000000
2195,346297
4424,520000
2236,8212430
2937,48418160
5897,585604
7920,41230799
6296,334901337
6051,34854990
5150,96085477
4469,8945072
6024,2503829
5551,306941670
6434,53647
624,84772742
6676,2281000
3838,2956000
5745,17286299
3106,130290885
2261,4557214
3115,19411
2279,31609243
6594,11095236
1692,2297493
2695,10000000
7413,203567857
3,16000000
2766,152500343
903,14134877
6916,338987
3430,152000000
2629,32709423
4197,18
1218,3218666
1523,1831348
7166,34670720
2870,176070171
6515,408339
3525,212483
1660,13275000
345,14681192
836,21520719
906,1084939099
2879,21300000
5002,20666667
2727,171760
6090,173930596
6343,42487390
7973,45895
1985,105097
1145,84500122
6776,27540561
5442,49970
3695,24185781
1793,25461
3455,422610419
3066,8586376
862,26488
333,3225000
4143,10178331
6465,3100000
1360,1000000
10,117235147
797,4631
5328,13839404
145,9188
784,12416686
62,25232289
544,20000000
1315,26010864
6150,869
7048,73100172
2809,9771658
5499,13007551
5100,19504039
7311,348840316
4607,13001257
546,105834556
6786,14296438
2413,660537
864,634074
1652,4710749
6216,743559607
6931,242988466
7686,112880294
632,30102717
2934,77112176
1647,78054825
5528,46748047
7553,3346257
3122,149270999
1176,25005257
7337,75871032
312,12
4716,18090181
873,10382407
4591,2122561
7509,589390539
3225,5155325
7760,53854588
4894,14333790
1970,7500000
5245,48531470
1163,2119994
6953,20796847
7687,197183546
7679,439564
3957,22000000
7976,50907234
7545,53676580
812,244386864
756,194720
3494,10297601
940,18948425
3984,1431623
352,9500000
5927,108758521
528,60000000
6708,22863596
75,24922237
7476,2013193
6480,767820459
7319,2500000
4514,3011195
4635,295444
825,15992615
7748,202292902
5579,72028752
580,8033397
1372,17277
2473,150277
877,38502340
7598,67330500
291,5367030
5060,0
4992,10631747
3038,13000000
4975,20419446
1949,6700000
3354,1691706
7677,10000000
2308,1277401
981,1744858
928,641
6674,117592831
6091,3813293
7844,368780809
7671,139352633
7366,4400000
131,5206
6408,128406887
4688,10000000
908,2541554
7081,116112375
4425,50700000
7800,1076075
482,35743308
2845,28200
1552,135130999
1478,4634062
5112,227853986
4166,15500000
5519,19204929
869,28000000
6610,60141683
1661,35856053
2474,79
5769,1005700
1974,20000000
6320,282382
6730,119723358
3793,3587303
6605,2049595
7018,103504
1331,1347747
6944,0
3339,6045657
2314,455815
5046,130358911
315,113020255
6724,1
2546,87000000
1059,191185897
307,22678555
2604,14166853
1967,25928721
5453,182016617
5011,9627492
2344,17800000
2093,25303038
5711,11500000
7454,134402450
3327,1938783
2849,16810383
1275,25000000
3424,3685862
3972,116300000
6292,2750741
2402,170268750
3627,45000000
4491,5290
7088,34573780
901,52164
6797,40828540
4738,7033683
5411,92158961
2405,3003
7139,4100000
2343,2400000
7875,635096
7852,15705007
6494,3325038
765,133718711
355,393970
1916,39673162
1901,251058
6177,80916492
3953,129394835
5700,21821347
583,25836616
348,3301446
440,337580051
5840,1653792
3978,19643086
6432,25100000
6768,73706
2286,152930623
4884,5279982
6464,77566815
4181,30718107
6293,81198894
3731,24467000
5791,28149
1147,1751330
7729,216909830
1350,5200000
3521,42000000
7563,158674180
4985,1065659812
5486,425368238
7835,86930411
7586,18899204
4090,5600000
2204,28169671
4675,314432665
2862,1268793
2097,655011224
1592,11000000
2032,25
7596,10000000
5846,8000000
2745,637769
1733,34100000
3069,32255440
3263,168167691
4001,17343596
1231,109449237
4897,212404396
3833,15942628
1682,13276953
7379,46000000
7879,3387000
2315,5483299
6018,2260712
473,23000
971,318000141
2609,3919254
2714,216166
7076,8826094
5444,32562782
4156,2963902
4934,131940411
1553,22321
350,121790373
6699,288383523
7486,670774
3722,644571402
955,1832541
2531,11300653
6689,85000000
2640,25434291
1799,66995253
3986,209073645
3651,30688860
4264,928760770
2484,30399676
7181,22944502
7444,54016370
428,1258000
4318,18618284
611,1983204
366,101332962
659,8135031
198,12372410
3734,333932083
727,219076518
6222,32406507
1510,118063304
4930,124494
7461,349183
2105,426224
2135,1045713802
7288,4493017
5928,118000000
1262,2970
7535,12991996
798,66456
2866,457363168
1539,1759252
3960,30000000
5542,9532895
7393,12854953
2953,19125401
3344,49800000
1152,50750000
586,4400000
588,5000000
508,3221152
290,254700832
2292,50656
4760,233555708
2867,1000000
523,122700000
2997,89456761
1634,200182160
3618,242623
4347,12729675
4570,222104681
6804,6000000
67,154120
227,26096852
6948,266465037
7124,8454301
3258,127730736
2781,13674
4721,184890
6556,343847
112,93820758
5472,7553105
2771,18564613
2029,35763605
4438,79258538
4968,222559
2726,38058335
1508,13130349
6324,5708
7704,138241022
3619,407602906
6084,5169755
2307,1246141
3477,3981000
6437,7683267
1155,5332926
7991,64783827
3147,347234916
1073,123820
5946,274925095
2149,138259062
7699,1145404
999,17808
5138,3110000
6895,2500000
7277,88000000
5496,3006000
5509,15700000
6404,30050028
2188,1980338
6845,152263880
4323,3966256
6905,791217826
6285,183987723
3931,8914881
6102,154701
7452,374743
4892,15000000
3717,89792502
6973,180557550
2874,25
2418,113374103
1434,23859
1349,15395087
2237,2691899
5236,113916474
3341,35419397
6942,21302121
1446,8674093
5256,21660
2561,17000000
7749,11260366
5653,789804554
7394,4500000
7062,42664410
2098,182857
1842,27900000
1590,1031243
5564,18409891
2825,100000000
1295,87987055
559,37799643
5750,40547440
3716,61947267
6677,6742168
3355,467363
6541,246574
174,29007412
7742,17500000
3456,1320005
1307,144633
2459,268426634
1511,373554033
3141,2159041
3125,890871626
3271,25533818
4038,1791328
210,26570463
2362,35022
7467,32801173
209,108103450
4983,4358000
4044,17807569
7871,48919043
7982,4000000
725,71561644
6168,144008
2030,112892319
28,5849647
804,135680000
2780,64350171
7225,1162014
742,4270000
365,424760
5062,40050884
3740,329803958
7073,27769
216,83061158
1060,43984230
287,6841570
5369,15172408
5291,145793296
5597,31500000
2163,185898
2478,68729358
7633,272912430
7753,57504069
3634,109421911
6810,18344729
5755,7000000
539,621951
7552,13350369
1110,3021629
44,47175038
1972,415440673
6574,22942221
5541,62493712
6399,110206216
695,2
1288,8844595
2955,29536299
6483,2340363
1468,5000000
1164,53898845
5498,167722310
2106,1103757
2676,5300000
1181,222231186
2133,11087569
5158,48198019
394,72179579
5526,29000000
2158,34808403
550,97837138
6035,68072848
916,28451622
3071,9851610
7842,267447150
1669,58510
660,132511035
154,5091888
5807,6981000
5481,151530
2960,1163967
2421,11576431
4025,766075
700,38748395
5500,20298207
4901,108282
4008,450717150
1686,9012000
2187,3193102
7051,11690
5094,44462
5955,3000000
1996,69411370
595,214000
1549,230069
863,2642899
4816,39687
2038,43848069
463,126297830
871,48720000
2777,17300889
5344,114000000
1533,5979011
1943,26155781
499,473226958
2971,15379253
6165,17979739
484,3335984
4643,263941
2721,123509
6333,156563139
4089,531826
4761,47355187
603,53478166
173,2807854
651,12232628
1092,3082901
1024,20045115
1839,138913
7992,1397284
2403,15691192
1464,55635037
5093,6582052
2086,12036149
2243,110879513
605,11000000
5886,11511031
7838,12201255
8001,6075
30,426480871
4188,7235
2739,631442092
7026,143101
4222,50710400
197,77920346
5717,23563727
6336,235926552
5107,0
6935,98441954
5684,18564702
5660,296339527
4754,126069509
7766,179265204
4799,3250000
1346,5
7910,20648328
5999,15340000
4244,8638072
1804,4307000
4420,1275000
4698,158162788
2655,378667
2554,152961
7937,72108608
6453,64191523
4343,70442940
2342,5330000
7891,4105187
5271,116000000
5131,5750
204,10000000
1388,31894
7037,5634828
6976,1437000
3335,7177431
5092,354704
6641,28831145
3479,21164799
2161,153083102
5990,5639730
2854,5777916
6956,34061097
7696,11988469
5038,1153296293
5406,56032889
5584,1458000
6236,14758997
236,5600000
2568,14056528
1612,154864401
3590,566652812
2462,6212282
2330,81381
2515,1851517
889,13102295
378,19478106
4470,235262
2339,7100000
1134,40000
3054,5274
5707,40577001
6901,4777465
1858,7096000
5766,10835752
2108,161451538
4520,1882074
6908,53293628
1808,217201
6147,60000
5159,65784503
2682,4000000
2076,4542
961,933959197
4313,27453418
7703,36020534
7473,53213633
2628,1185783
1971,10364904
932,159055768
828,7266209
2216,5659286
6678,8762890
1420,1449945
4882,1262091
3628,57319029
2110,12000000
6870,81303447
2908,8009329
893,13000000
6197,27165581
6981,21834845
6259,2062066
5593,43935763
5628,16809014
4530,5802422
4571,90404800
4408,8000000
1269,4371000
4254,1056057273
2860,77737889
2861,102825796
923,191125
6482,17511906
7024,16000000
6987,225861
191,79700000
1031,11125849
688,11294
900,16863583
6275,167221571
7978,15578237
122,5585154
894,100020092
7437,59744
1732,47000000
7213,27333835
7710,0
5259,14000000
7387,11833696
3037,251775
7425,140470746
1391,5475058
3486,5781885
4345,64822796
2530,86658558
1722,51070807
7944,10312540
948,300400432
3936,13609396
213,31000000
966,30229977
3316,90753806
6589,657827828
4494,8890685
5298,960040
4477,10629321
5324,105232691
7156,1243961
3459,20225989
2794,43528634
1685,159330280
5508,403449830
602,117487473
1282,6000000
3052,64188367
2936,9392
5869,206128
338,27610873
7743,11875866
7207,23650000
3958,9000000
762,70000000
1573,973525
6119,2000000
1428,78309131
694,5979292
2011,70200000
8005,35509515
157,447784
7579,7018189
4353,411115
2446,10400000
2564,18317151
6103,82966152
6142,1296000
439,285930
7724,140807547
2657,27500000
201,3916303
3191,14356479
3788,26386000
4596,14867514
5035,104907746
7043,442824138
1658,83398
470,1672730
3871,149673788
7709,516642939
6226,30156002
4807,48125
2054,4000000
4153,2633527
731,56666667
601,60273173
7401,152944660
979,2189047
3027,60000000
397,1919653
3365,304320254
3857,46733235
3061,3650000
5753,342695435
7123,574480841
3332,6420
2285,1200398
4709,75026327
1571,84601681
823,1250000
7809,23717291
5130,3000000
7690,29110
5756,399
2460,82466670
644,55240
3152,3003169
2700,27409889
7882,43042835
2366,59700000
5754,9056073
2608,7060876
437,160583018
5540,21011110
2303,53267000
7466,94073028
4274,1104000000
7625,82169884
4981,12005838
5476,41299492
2493,8679814
5595,1910
7768,74679822
1278,16554699
2085,11000000
2294,147542
1417,176997168
1104,3342697
954,1982505
4683,173921954
4706,6815056
4073,82102379
2508,14624826
581,461162
1150,9250000
1186,680224
4940,282570682
7942,3606395
421,40996665
7231,2105096
6800,2847246203
341,60527873
1712,8342132
4226,96455697
3389,195243411
5186,288
7738,3910019
3432,153997819
4613,1710057
1018,47042000
5864,5000000
6272,895921036
6859,20047604
7119,177512032
7314,160259319
761,59209
4239,326551094
3210,40716963
4302,99318987
4617,351040419
7757,44872
51,25333333
2441,14418922
417,373530
6697,92542418
2594,66559
6538,1500000
2755,24332324
5599,406881
7676,8620929
7880,69995385
7576,18000000
3849,23237911
7841,3550000
522,28883511
2417,4000000
706,14363400
6076,3713768
512,2500000
5880,306776732
1356,25000
3267,179033791
7069,20416563
7363,4257354
3759,63523283
1937,25196249
1626,540152
3216,47405566
6735,195735876
2663,107597242
5127,19724334
4875,242786137
2181,43579163
1227,2200000
2284,68000000
1456,6792000
37,189859560
3463,8821329
1610,9902115
4176,31070412
3297,81350000
2077,1501785
758,24134
2532,1021103568
5443,13300000
7071,42345360
3845,479099
4111,18472850
1359,3639345
2958,22730842
4186,44907260
5941,79567667
904,202026112
3814,66966987
1636,1697294
769,4192440
915,61700000
590,9016377
1627,28400000
5501,524028679
3151,1000000
1199,416498
320,750000
7739,2360561
6856,729043
3650,321885765
4793,45300000
5361,17014653
5610,1068682
5842,0
7038,2080046
8002,9496130
6834,5400000
1844,1046166
7143,299288605
7230,8642858
1708,48668907
6911,54000000
3252,33965843
3856,393616788
884,18315000
5482,92863945
7334,33556631
6020,30800231
5111,150000000
2851,12303411
5125,7027290
4006,119000410
4764,101595121
7247,18730891
3744,39171130
5014,5217498
3485,414404
3003,0
6600,700000
2611,84431625
1062,1404
6138,13277558
2814,1547397
5049,0
6704,224920315
327,60965854
5747,71923560
7117,1183258
5122,20710513
4639,185991646
4864,78898765
1531,189712432
4407,97000
2693,33456317
7752,2106838
255,7800000
2602,538000
225,6585516
6089,3395627
2894,218626
7812,0
7450,35134820
554,95789342
7548,538400000
6546,44998252
1268,25605015
1351,29907685
7969,5839164
5373,22222308
1404,6804016
807,138730
4902,58878723
6782,7766240
172,12000000
2295,5255
2551,23619609
4245,14894347
5410,581011
7239,37317558
637,150816700
7388,41624046
1532,59389433
7113,993313
1375,41627431
5514,44726644
6191,9346177
6791,279735
3735,1641825
2871,23367586
1203,127666415
2759,13
4270,9114702
5000,29331068
1667,596349
5988,1237615
7421,21200000
6038,76398
6955,38261
344,50549107
2730,116700000
7077,2039000
3100,825532764
4583,553171
7526,1750000
3611,34700291
268,23937870
5749,39842
1736,23507567
5507,65535067
919,3832228
2578,2200000
7332,6746000
4677,1705030
2917,57041866
6390,378827494
7995,89519773
2523,3661757
7680,51880044
2157,52287414
1948,204
7075,2400000
6907,3154346
1933,173000000
7638,15368897
7226,77156
957,1479042
4961,2566648
3353,712171856
7419,8000000
6265,626057
2976,15427192
7431,7500000
1806,46495
6669,18642
5625,34266564
730,1999955
2603,162000000
6603,66166000
2698,2387127
2615,11798616
6400,2510433
5231,18100189
7806,12643776
42,24362772
2680,966878
2123,45742101
3269,566611
425,641100
1507,16017403
3426,1500000
7218,69497
3592,10871449
7967,104876233
6506,28013733
1710,42724017
7039,127067
1966,11650
7116,25781
1672,66821036
92,15000000
1055,525
372,91753202
446,875386
2174,37598
6477,179381
1679,248000000
6439,36993168
2749,1803009
2732,485772
2290,87055349
1204,35114428
5424,4793
94,20117339
4705,13035599
5220,90275
1317,499168
3531,2181987
3319,6854611
3192,1120000
2275,21786738
1514,52882018
1993,4571025
2466,26250020
7255,1118888979
7555,8000000
4907,14155617
1988,21486757
1320,470490832
1229,215283742
1154,16519460
2074,404785
1398,18626419
7521,86175
2638,188441614
7259,62357900
7847,27953
4497,30925690
7261,11585483
2489,40120144
1516,163670000
4636,171269535
7985,70016220
1747,18663238
1125,105178561
1046,1519796
5153,1034214
2355,23875127
2129,13983
2352,79666653
3803,1281176
4964,130541
326,116400000
1025,4187
379,830129
1895,3000000
1537,7000000
1414,65754228
2569,7242035
921,11642254
1680,900000
7220,35000000
1540,4719695
7999,53830415
2910,2279000
4145,79817939
806,18492362
3320,91627228
5568,104945305
3719,11000000
7408,5867686
1851,38574362
5054,189198313
5712,92921203
2092,168180
7260,115375850
162,3200000
4921,55000000
4428,3748295
6340,101564935
6960,10600497
1216,13418091
5569,63027681
1580,10750000
5626,1160268
2627,62882090
7190,288747895
7243,39881
496,3600000
5698,6723732
564,930349
7111,527000
2042,300228084
6719,46905889
3705,3460466
5084,80640528
3566,44287131
49,120000000
1835,7282851
826,64076736
4087,33962
259,140021
3109,4420000
777,331957105
7109,312016858
2476,212385533
3429,7547762
7684,108808
2930,30857814
3654,346147658
7292,712216
1201,71009334
7361,9868521
6230,12884923
992,3202000
7881,1700000
2797,8200000
3132,1600000
7529,69485490
3346,1400000
390,10703234
3467,12058187
2419,141047179
4389,371396
2772,3324330
4241,96900000
2964,589244
2031,4000000
968,163403799
7102,52545707
6608,13801755
1195,94882889
7583,83258226
634,44527234
3224,27462041
7515,31672907
8007,14225876
2254,53191886
953,73244881
1812,14393902
6878,49101993
5939,30000000
3792,494471524
2625,52761
318,27793200
1312,90259536
3778,247022278
3975,22217407
4997,203388186
7909,4825184
4925,35000000
4155,27000000
5086,0
3452,223959
5278,56000
2325,173013509
2221,4040588
1982,190458706
7280,4
7216,10250000
4974,8235661
6034,35492921
6314,90574188
6419,706685
7126,299268508
205,2801508
2522,5923044
2499,160638883
1879,251171807
4426,3675201
5952,7797728
4248,171757863
5638,49114016
3137,56500758
7430,6732980
6652,9206470
1419,1179676
4405,317000
86,106260000
1645,3692836
7436,1814290
4814,3547684
2534,54249294
2507,5967038
5701,273339556
7287,23580000
34,258022233
2839,250288523
1947,20719451
3215,3786801
7198,47817020
3913,783766341
2213,67872296
618,27092880
4876,3643591
4922,187145
6373,5730596
6963,2000000
5794,115101622
3436,29370592
5128,10337477
5921,296482446
6525,114281051
6145,31973249
7446,365248
3232,6706368
6493,70692101
1602,3206713
4836,9938268
6406,44852
4078,80
6407,5578519
6183,21001563
2215,105610124
266,56255142
558,46152411
7534,327418
7913,18074539
4723,5
2126,863416141
2968,2405420
7674,46396427
6850,821708551
740,2692037
1499,33245
4473,11207130
6391,4836637
1200,51723285
3469,33400000
3321,17626234
7730,29381649
4867,257850122
6673,1500000
2394,147934180
1416,17530973
5524,38869464
6822,72629670
50,1500000
4776,57806952
2475,373552094
1182,263920180
455,4910682
5109,1362303
2669,346079773
3593,112156811
3110,14100000
5239,12671300
7778,11790979
4937,287594577
2813,18340000
5771,65569869
423,29657751
4686,15122000
7114,58972904
4572,33231264
692,180622424
382,2000000
45,4300000
4941,102278712
2480,18800000
4577,111811453
1687,1718328
2559,38862717
2088,2841000
5468,1659542
6403,266614059
1932,51854875
5030,134212055
5358,6153939
6380,13030214
3977,32300000
2500,19829957
4885,9409000
5238,2413427
317,286140700
1454,31670620
7578,0
1257,337812
3314,175302354
2898,178051587
1503,989000
7019,58058367
1343,20256975
704,59908565
7070,31556061
7801,19526014
2716,49601
82,91974818
542,40002112
2439,26199517
3709,9489829
6433,497323
793,10959475
2382,18124262
3059,370569774
6460,1611000
5563,28
6212,202404009
6798,167298192
698,9077700
3330,741875
1133,11540607
7086,4398938
6665,97571250
3392,11384015
7796,7449681
4910,33526835
96,3358
3140,148671
6347,203509374
5357,3499442
1678,770706
2002,59217789
325,294456605
1424,7840873
7539,3442853
2082,2506446
7678,0
1684,4864560
2159,76578641
1965,7936012
667,340911
3298,21058000
6450,792200
4528,4500
4540,2800
2810,8034
4777,12376563
835,1305887
5685,198685114
1284,21665468
562,196482882
6658,64282312
6751,46352
7172,2832826
1824,4750000
6304,735099082
4116,129181830
6958,11019975
3417,20867919
7895,100605135
1960,88545092
776,49554002
4838,8538318
3068,4800000
1827,33053559
3609,20000000
353,10229331
7054,8279017
770,25035950
5576,93888180
2959,4600000
4146,135560026
1208,213954274
5918,172842355
332,346592
3840,1558836
5042,22244207
1168,32788
7951,366101666
2945,37600000
7618,39404261
6471,121969216
7561,41512007
7609,34604000
1172,2681345
2752,3221568
311,12250
6414,8091910
5603,3538446
1820,220151
6789,1128345
6395,60331447
2440,56308881
6257,2685453
1544,1055287
1517,14000000
6875,42330
1160,2636637
7027,30400000
359,93525586
5303,5728213
5895,22743674
1210,75450437
264,143597
3359,40836
1135,36800000
5793,18088
7210,15360553
7820,23144499
2841,153518974
3527,99255460
2485,362637473
895,5438927
2393,694438
4429,113309743
4736,42064105
6217,2859750
2646,7778177
1006,30
5360,0
3446,3000000
2729,498814908
5985,111476513
4083,118243066
252,5001655
7264,21000000
7955,314975955
7536,96262212
288,23510601
7369,6739141
5704,320689294
584,1083282
7053,1782005
1489,401421
1234,186438883
5166,122200000
4267,15445131
7826,48548426
286,276921998
7884,32054369
1638,30231200
1146,161410
3848,160078586
5266,6294161
331,5837674
4742,150166126
2207,261317921
4109,27400000
4350,60378584
2318,33208099
1649,2697930
7152,1819410
1041,113006880
3331,1359910
2073,49111202
3107,27645491
2404,154026136
594,32648673
3336,20345361
5235,195702811
847,2642983
5796,14332467
2902,21833
7747,95708457
6817,39053061
7977,101543
3495,10765283
3437,38119483
5944,414211549
3595,164989338
7890,3250000
556,4878242
6644,352810
3987,60896147
6238,616938
5959,1100000
3625,10827810
7949,3769214
792,73180723
673,38376497
6846,976475550
5837,90683916
141,31466789
2840,1124445
6497,563749323
3292,346472
7496,11724119
752,21350
6683,100014025
712,120455994
4979,177394432
2549,1524966
3045,5179037
4306,2247500
2907,49042224
2651,6800000
503,13071518
2302,65335
1061,8692426
7825,214034224
1246,40272135
2673,300653
4,3923970
2942,117629
7343,23123592
7144,32980880
2365,794452
1408,23978402
1093,245066411
6426,0
4575,500000
4711,30655
2518,201596308
501,52034889
4403,48965210
7262,5000000
1991,6482195
1016,114830111
5008,876302
1089,28641776
3493,16153593
134,33000000
402,8251
3990,36433975
7399,1645711
2804,2040920
2084,5844868
1984,225990978
1368,9000000
1387,205703818
2443,698491347
536,19184015
6495,90810892
5865,51142659
6784,74189677
6032,13015688
7085,62616646
7961,1929659
1589,3384747
6733,10278549
911,1492523
64,17654912
159,18552460
6830,17460020
2334,22896728
4499,12633747
4529,13994920
7900,7478354
3078,30426096
3859,60613008
413,966214
7874,76196538
708,206172544
1471,102308889
6714,108255770
1301,204660
5839,1608570
6344,18381890
830,161000000
2791,4630045
6820,33232
1487,6321392
2613,8888143
2973,4122748
2252,108047131
6937,444575
4868,395000
6167,21268
3260,2019469
7327,350448145
7370,170000
1585,12382362
6809,17600000
5463,76801179
1251,296000000
5892,102223269
4680,20458340
3333,179246868
600,356830601
6726,5396618
4909,10422387
1393,151165787
6182,20036737
5703,46704056
6529,142940100
2375,95673607
2203,1896244
2297,297138014
2656,180274123
47,155760117
5097,16661077
5371,88761661
5485,40031879
4187,677700000
7034,216197492
2049,139804348
2685,17092453
3727,31623833
3630,17350
5800,57479076
4247,41
3785,11000000
6505,38251425
89,140081992
3264,16951798
6961,65977295
5374,3542353
518,820580447
1889,13204291
6209,65900249
7021,2300000
5580,60161391
2224,536364
3844,18707466
6228,371353001
6840,12500000
2897,16991902
6772,0
3961,302710615
897,18432000
7023,69131860
6431,10000000
5148,7292175
1654,1261947
4691,49830607
633,330579719
3487,124731534
489,609524
4432,140175006
273,83761844
5557,808114
1934,59468275
3421,7938872
7281,36000000
872,3106835
386,12000
2542,34705850
4841,3029287
2827,10224116
97,73000
5916,3274
3097,245724603
1221,7185518
4412,23530831
258,2287714
7065,3102550
4017,107071655
7374,5028949
5339,39321715
1520,21134374
2987,858591
7252,252000
964,921548
7701,1126525
6040,809342332
671,5900000
6932,14643997
1394,209154322
4478,101758490
5658,127392239
4487,131426169
226,28931401
4258,173959438
7495,85978266
7238,26632
7902,8
4076,14742
7042,8345056
5612,7000000
625,146900000
4361,9381260
3460,632542
93,2724474
6187,10611160
6860,47431461
7647,31309
3427,13940383
4969,76347426
3307,14860766
4427,177856751
7508,2735731
2027,2640850
2944,89460381
7058,30000000
1720,85313124
3574,80035402
292,163442937
3449,302000
2488,102391382
6941,122195920
7641,11567449
7004,35300645
6235,42067430
6481,1310673
2592,157768
6947,40452643
1877,41296320
1572,76000000
5301,951179
1285,41482207
6703,18164139
1574,6700
5559,41590886
5547,362222
5059,25174316
7197,831000
1718,1248748
4720,443280904
5197,14681661
810,363889678
4265,0
5705,55030051
4893,105090
7931,813367380
3063,21630088
2177,61141030
2391,141195658
7250,154749918
2521,74134790
7974,18720175
925,75143
5,3261638
4352,172363301
1782,1305195
1158,174578751
6411,2983784
6511,6632383
7660,12000000
3662,270665134
7193,209838559
4387,3184472
4320,94000000
2865,8927600
4160,770132
4431,78000000
7178,325286646
2138,9700000
175,207283925
6672,5000
1836,73174566
2712,18564088
3926,1
2172,133000000
6502,18196170
1848,72070731
2619,19985196
7035,17976667
576,48878502
5333,850575
3420,30303072
5199,115505027
996,77000000
3251,41509797
1189,2019000
2881,165478348
2735,11657385
480,1300000
5479,2411145
3519,33556
3490,130293714
3461,4037782
4184,7871522
5565,13231461
1816,288312
6720,17507368
5345,58809149
7200,23081726
3605,189833357
4560,11000000
6030,310650585
709,10400000
2543,12706478
2832,123384128
4471,302179
7056,30500000
702,235483004
5817,17040871
606,228984
2986,16605763
7391,36911617
4309,354835
6273,37000000
4165,26385941
6557,5260000
5347,1115493
2089,79958599
962,141407024
2039,10113733
6485,7267585
3914,7000000
2802,876688482
4446,7266383
656,20079850
2245,30411183
6785,1341511219
3548,173398518
63,14000000
7639,63710000
180,31148328
319,68706993
1713,101191884
3032,103039258
7807,152322
399,7820688
1156,1750211
1622,43719
6896,342835
6318,15185241
1171,54819301
2178,60427839
1787,382267
861,97542952
6417,809000
6539,6
5828,100000000
2396,204594016
3613,119100758
1891,125400
3259,41424067
1973,2120439
617,117270765
3105,261465
7990,0
1618,229000
7569,1883811
2747,2003822
6839,2415472
1281,46
4990,23229371
1012,115350426
2312,3117985
1795,2000000
74,2300000
6526,22773535
5814,23278931
7005,252603
256,203427584
6564,327311859
5938,484592874
2589,68915888
5690,370541256
1057,187361754
5772,68945
3112,551000
2430,10000000
6794,84967
194,744816
107,210000000
2581,32556119
4198,4786789
2122,166775
4439,5344577
5415,1600000
3476,161001698
1897,54600000
5691,8000000
6946,55282
5145,278720
78,35610100
5212,8500
6300,85564310
3995,127956187
2080,98185582
328,20529194
2778,190320568
5013,29800000
7856,23341568
1279,2228115
3440,9494789
4200,618638999
853,36611610
1309,369330363
3796,57138719
6303,12800000
7929,44909486
5546,614202
2678,1081957
2399,15
1918,15240456
3425,8862354
2095,10068
3101,834457
2919,13000000
5279,33771174
4357,75395048
2323,7940
465,18782400
1149,2750275
7279,25871834
4482,5000000
4443,9171289
2013,100544
5294,13260050
6877,1017401
4601,19633027
2783,102244770
2397,309492681
2378,9789900
6527,10047674
888,368744044
782,332000000
7203,17218023
529,38159905
7652,1220058
1559,9479718
1377,165335153
6685,137587063
6968,12000000
7893,148461
2427,1347988
1604,7175592
4011,34564651
1998,119940815
2580,45431
1600,6808550
7191,658000
1115,185438673
4235,49779728
7997,45361000
6045,116471580
1513,1631839
3056,4278150
4911,61768190
3070,183640
3312,12947880
7378,501533
4399,467365246
2545,50548152
504,11750000
4196,12454768
1914,12923936
7905,296655431
5202,2333684
7324,41939392
689,850000000
553,11081586
7627,73090611
5899,10188
7984,40717
4409,153155
2708,6834525
4368,21633874
5609,224834564
4880,64088552
635,20158808
6647,14000000
1890,320395
1740,26079312
6919,9420546
5591,49483352
2052,385284817
5802,24000000
6653,123729176
4960,35401758
7523,74000000
5376,261989769
123,91036760
1319,495303
7007,29400000
6836,54639553
1389,165615285
6319,201957688
5555,34100000
713,10166502
4569,1677
2442,106303988
6283,8020
2570,305875730
4543,177977226
6354,130431368
5475,361712
4597,36450736
6979,21571189
1447,3000000
1755,9216
6278,691210692
2822,41637263
3963,1423000
6355,80253908
6996,3045943
4602,38120905
5190,362744280
3062,9500000
7510,249083
6189,12400000
2513,12000000
4072,3500000
4637,850225
1211,871279
1845,14697005
3265,46236000
7580,76432727
857,383257136
6096,19980
570,82719885
5592,14710975
5872,23218000
5402,31070211
3867,88273
124,60722734
540,128388320
4262,10696210
753,58853106
5198,6530000
7827,41400000
507,102367405
7592,33788161
5695,636706
4594,5576725
6827,6485961
7692,1997807
8009,7202
466,270000000
3253,52096475
548,81705746
6490,15007991
1422,57284237
7443,1066969703
206,1543112
4359,7294403
7789,12918858
620,177841558
4710,19145732
7868,1214811252
7235,113280098
3130,121179
941,758539785
7519,42000000
3779,35931410
7702,376141306
5045,9000000
4914,47088990
4236,57500000
2855,48482
4506,8556940
2128,8373585
3930,77912251
5803,265198
1593,92374674
748,34153101
6570,21591728
109,34562222
6965,39388
4430,7788597
6992,27437881
5330,27575086
2598,7241180
7478,39267515
6816,8618766
1811,435000000
7904,211817906
7587,200276000
7265,150270147
7805,4762337
1867,17037887
5152,4662137
5272,2379154
5448,13831503
7511,801000
537,335062621
2470,15014674
4367,124994
2162,38290723
4813,133752825
1869,100489151
3565,1062253
5644,15795189
5187,245527149
2198,179000
2815,86175291
1022,44057737
666,958400000
6046,15
741,402539
1643,311256926
1357,544476
2929,50907422
2201,6147
1271,14904
4220,16174377
2246,4417667
2087,44030246
6508,6581915
2114,37930465
3973,86273333
2048,6455530
6801,3360000
2649,2620000
4474,676525
1495,2154540
1597,66468332
7547,14000000
3370,31132592
7735,289317794
4450,135330182
6428,226830568
3228,12890752
7670,4574762
1986,357852395
2760,13380561
1995,235666219
3612,9918093
3703,476684675
6771,37020277
6781,14056
5103,12000000
3099,447741
2596,840000
6221,169332978
5064,4212494
7475,402805
1310,18000
7675,9000000
5454,26527510
7781,97009150
249,14560084
7032,2944752
5863,50315140
2026,10499694
161,12277096
1071,42776760
1365,56825
7273,894964
771,18130000
2401,37000000
790,72266306
6271,88880821
7125,21200000
267,3151130
6971,12186625
4451,18254702
4205,71664962
7145,13300000
1126,1519557910
2748,189015611
5819,12000000
4958,42300873
896,114194847
813,21000000
7659,19000000
1228,16974459
1247,30448000
2506,75993061
393,129832389
5251,10217873
7498,448900000
939,2227000
452,1009620
3530,594947
6643,55736588
1564,35485608
4544,13680000
375,17374595
5065,6086224
1725,124914842
7751,50817508
2063,6861102
6922,5405500
1140,229400000
2996,180590
4440,18035000
6752,10000000
1384,132675402
6543,50012507
6170,10626725
1344,10082
1107,8352885
2454,44000000
5977,175705
645,1000000
3804,91196419
7100,103071443
5124,92076
6686,8265
3261,11400000
7603,55534455
4667,1066471
2652,11000000
4784,125537191
7582,9200168
3518,3704408
2779,56422687
2248,102984862
1137,15400000
4037,19844979
7854,3000000
7179,18637690
7611,458232
4263,127906624
6444,218122627
3604,3028094
6188,3275585
4929,41037742
1821,62153
1101,119919
2956,11949484
723,1044824
4314,3020664
5207,4160851
9,18750246
6980,51138
3815,67800064
1750,6933459
7600,346485
6420,385680446
2482,56681566
663,18112929
4713,33372606
5139,23578
5061,10631333
5375,1583687
1728,3665069
449,5989640
363,25762027
7994,12600000
1535,819939
535,9323833
521,365522
6582,814666
743,39340177
1528,21026290
2353,13000000
6267,36351350
468,318982
7707,62000000
6604,61276872
3916,95242
11,22642033
4068,2800000
2490,6
1557,142400065
4837,26251899
7630,1400000
2885,147315
3699,14567
899,19000000
1488,10198357
3250,225358
5744,5364858
629,12413650
834,36160375
2179,27642707
5228,4594452
2075,74918
6282,22000000
4791,4781454
7810,27640028
6037,431326
2620,100000000
3791,85897593
3364,791867
7174,16228448
891,37962774
2800,91354215
3002,34673095
6925,44
2336,66132626
7433,13218980
2148,22707064
802,453079
5882,302204
1938,20211394
5286,244931766
431,96060858
4938,5728953
557,22456509
1441,3775000
5932,126041322
4022,1430655
7267,72785169
2118,10011050
2147,33395426
4517,8112712
5399,967000
5101,57
1426,107196498
2576,187716
5930,14575193
5085,11000000
7664,39363635
5993,22963701
16,57891803
6078,924317558
1907,112462508
3721,29888235
4588,48017402
7499,2853801
5534,946461
6619,242875078
6299,3877492
1778,17508518
6867,2856712
5813,4858139
1878,53086
5879,13624522
5308,26713187
6457,26820641
7886,11532
4606,56106607
5613,907456
1299,37285
2829,2033165
6436,9789651
6545,96542059
1484,76586316
357,788241776
6049,30526509
6398,38629478
6095,9644124
7683,64762724
5053,197309027
1927,62000000
88,13162475
1928,117719158
1904,49998613
532,9697739
5663,226904017
1053,928391
4957,4884663
610,3769990
7795,40423945
4532,1678874
5115,65352
5163,170432927
6583,67000000
6777,181674817
6284,2614773
5830,485930816
599,42930462
6149,42931041
1894,849915
2232,23450000
410,183316455
1814,4635143
2951,18704595
4566,17193231
2610,11083449
1403,44352417
6498,3793614
498,25
1065,311312624
4539,5656087
7926,23006849
4753,16361885
1591,53208180
1885,1535558
2230,9132000
833,65497208
1883,17137302
1083,52970014
4472,6126237
764,8800000
1621,1606624
5635,98900000
8016,53977250
7357,33035736
3655,8095658
2420,4100000
4740,4064495
2601,106269971
1555,19179969
1492,147780440
6729,110197
1415,20374201
4480,4720371
641,97437106
260,187349
73,17393
5240,4529843
707,13769
6213,26657534
6707,55089
4801,92000000
1175,6149791
1260,3099314
2911,78000586
7479,55260558
4124,18144030
1435,15520023
736,30000000
4523,96773200
3222,3447633
6982,1667192
4774,33754967
4745,2015810
4877,22905522
160,113783
934,171539887
2096,127251
5083,107670357
6835,53187659
3120,6003587
2064,129115
1841,6405245
1042,347451894
2253,307076
1969,343341
2194,93282604
3254,12096300
4900,851545
3517,15719109
1620,127600435
5702,2955917
5871,25105517
2383,3
1925,311245
1438,2459895
1561,19595031
4693,8083123
7164,2967668
5268,1075178
5662,67200000
4790,169327687
5470,16140822
4468,29200000
7222,5471088
1790,19905359
3145,10759874
5352,67182787
5206,249204
6576,59945183
8014,35402320
7903,341631208
6926,231449203
6274,47774193
1078,14347000
5149,4210454
2567,41000000
814,42277365
987,23570541
4004,2000000
125,7400000
4009,433677183
5649,114501299
5989,1214198
4234,37672350
3807,3770657
4580,6582065
3520,214179088
6144,237202299
767,121463226
527,41819064
2975,57881056
1330,8100000
931,645135
7892,12482775
1773,1133031
1129,2850263
5525,70569
6524,319713881
7612,484592
3915,300218018
2169,23800000
3954,54667954
5462,5788176
6717,2347000
7165,150680864
5647,389681935
6386,17080167
2895,71069884
7989,37597471
376,100491683
6734,33459416
4253,228738393
3998,1059804
4704,21288692
6019,60874615
4047,240797623
7169,198992
7106,793604
2019,69307224
3219,104324083
438,50888000
6456,0
2116,185260553
2346,50100000
4982,336472
1250,5476060
4787,209196298
7342,16504936
1992,6000000
7385,170215
4046,12600000
5403,74865517
3388,10000000
6384,113714830
1352,11466088
2563,17000000
6780,2000000
6778,66207073
2152,20342161
6709,3002884
7851,100129872
6988,1411927
4604,12348905
7030,6600000
5359,4137645
2553,3721911
2012,141220678
6588,0
2916,10589102
2641,6166819
7147,220673217
4296,83073883
6185,6063556
1633,133949270
4316,5800000
6227,7563172
2186,176153
2034,152036382
4567,161362
4585,857611174
7754,124881062
4725,42045846
7624,2020700
2436,3376375
1753,20666
1068,9518342
6649,103735
274,250821495
2724,32721635
1084,254190
4730,25804707
675,11411644
1020,87600000
354,10089373
683,183293131
6328,13644292
4762,45172994
2070,10878107
1034,38901218
2630,17986781
7050,7000000
4707,27762648
3412,18479
7857,14793624
3800,63766510
608,31576
6796,16500000
2376,11100000
3988,15934737
4362,123218424
5457,299200
1185,810455
4020,177427090
2660,30471420
3046,11502151
3591,6797218
6808,25000000
1267,46488
4785,51053787
7091,3752325
2846,260696994
3713,42000000
1383,178127760
545,7000000
2406,65046687
6157,30120671
119,18814720
567,36893721
5466,3302463
7006,131457682
5218,49263404
5283,779137
4395,5100000
3615,2341309
1266,68411275
2360,939101
5598,2160298
461,147880543
4781,126690726
190,16675000
7328,533679475
3118,13405595
4881,367638
630,109502303
1355,162242962
4107,306724
3657,1301121
2816,2891288
7326,269980
3910,9600000
5162,233093859
729,500188435
2741,2725258
1458,3031801
6964,2000000
4805,35564473
2226,8000000
3096,183097323
2444,694497
4486,11480000
5538,587204668
2175,17336370
6661,124518
959,65088797
4110,7523634
336,117698894
5654,1477002
3678,205843612
4603,5617391
2045,114660784
6210,77944725
766,24719215
323,161626121
2776,7563728
6467,24854765
3811,1247946
1873,72287783
5480,748453
2509,3453043
7741,43095175
4210,49469904
1241,52293982
2006,11348324
1021,108000000
1683,1878561
1776,570000
6913,13401952
283,23550000
129,5731103
619,4971340
3751,206909
3729,12532777
2607,25900
4773,190212113
1715,369907963
2043,29010817
5241,270210
6690,845188
6339,20851521
1756,88658655
699,124827316
1919,2043704
1796,95000000
5408,60040976
4611,2995811
1497,38610009
7084,3430018
276,14000000
1945,712294
7782,32474120
7755,1434436
7484,183953723
2912,2616503
7864,9439660
3712,85131830
6043,38535221
3596,349779543
1579,121059225
4488,16393000
2037,130000
451,1787926
7331,266665
646,94000000
5490,52302796
72,8266343
938,1938
4972,18869631
7559,7433663
3287,2360281
5761,69766619
6491,76488889
1474,62548947
3718,8000000
5743,7537453
4733,21878
2988,105656
5058,108145109
5714,490475
2364,160602194
6338,18753438
7158,9950133
4936,20146880
881,1025491110
7439,368871007
6849,55003135
7464,26042
2704,16093651
3124,6892000
5923,38000000
60,599045960
1106,2300000
1376,923
68,13129846
1690,5240
3108,200804534
1142,8247943
12,356296601
1,95149435
4208,603900354
7968,67790117
5326,1165882
3616,48451803
6716,10337387
4671,50236831
26,13835130
7728,28890240
1400,346864462
1338,7070330
6792,19406406
4573,15923122
2864,100
4417,52223306
787,253527
1791,15298355
7420,135026
7389,1155000
1911,67821
6667,31559552
1439,90426405
5751,15453274
6855,16680836
118,1796389
3656,1500000
4508,51376861
464,15369573
3753,381509870
5140,3432342
3447,36230219
7562,1275162
5984,103590271
1893,6000000
2535,214104620
4195,445135288
7663,1447740
230,72178895
5350,6303792
1735,920100000
1099,40590000
2818,9317021
7175,31055440
7323,20000000
4993,120000000
5478,47126295
6208,76411819
2371,28460702
4800,1227324
3732,13145977
2465,6928068
5305,3494070
6335,13603453
4715,8041049
6821,46122355
7919,18686644
5132,6890432
1306,64437847
2793,217022588
5758,123276807
5090,138868
2202,182379278
4435,96070507
1121,31584901
4865,400654
55,36448200
2872,14723313
5706,187436818
6613,456758981
2820,500000
589,5684789
3715,7177143
7717,4817642
1866,407778013
1256,44350926
5114,1031552585
1011,41410568
7607,152925093
6671,12000000
5801,24637469
387,1345903
811,1400000
5237,264218220
1603,17280326
1648,10300
1800,135
7489,3010
3340,50363790
5627,0
5539,2063312
4708,2395231
3594,6980986
7371,34234008
4609,5000000
2205,98410061
6220,6486797
1706,5800000
5812,507941
4565,38105395
3404,170362582
3230,5681622
1214,215576
401,6000000
1080,80936232
4159,5300
6171,658573
5746,345478
5412,154984035
6207,21268532
1742,25480490
2451,523511
2197,6800000
2994,14715067
574,211952420
3706,117615211
2251,8
5222,166770
1007,60
6097,115267375
7925,790421
2214,10903846
1521,243843127
4479,458863600
616,170000
4755,2200000
7010,137460
1990,17768757
1406,4314688
701,98450062
680,544272402
5606,7314027
1930,162091208
2664,55707411
4276,3758328
2379,6086508
841,11449638
649,192452832
5102,20627372
7599,361960
6509,80767884
677,777423
8010,228
5634,113086475
5487,1450000
4768,7355425
724,709827462
3532,32000000
2764,1268395
5121,8524534
4614,3360800
4579,553810228
5577,8622757
4084,28881266
6472,27391084
1874,1
244,43885000
5379,954305868
3798,225933435
4913,116476887
3911,6800000
4561,181096164
6268,782102
289,11373501
4503,183936074
485,15478800
2272,1007962
7501,3621046
1730,1440000
2481,51148651
99,46616067
5348,109906372
3342,363258859
1719,2804874
5214,68896829
6566,28121100
2270,3000000
4161,149337
1215,9930095
7613,31081
1978,30199105
6083,70000000
5041,10508
1771,16700000
3393,3037173
1170,11129057
1015,21000000
6392,38368909
4939,17479
2644,121214377
5426,2107925
1917,1
6998,35692920
6443,88335
6169,5987386
6621,10921200
111,22034832
1613,38955598
5458,5284309
5147,84146832
1213,2744253
874,146497771
4358,429632142
803,32056467
3454,91709827
1724,27634716
7922,81979826
4727,12200000
7506,9620399
5862,245000
7040,80573774
5790,40693477
5467,2685000
6920,1703282
4906,745327
8006,31155435
5006,4636169
1829,19776159
2687,390659
5873,32100816
1871,215394738
2156,75715436
6474,6701
1485,2807390
2244,85306374
1896,69823199
6609,1000000
3633,57814445
7349,32438988
6909,8479793
4249,28202109
2648,156974557
2167,362000072
6656,136267476
6140,746921274
7274,30000
5422,1671713208
960,83027924
1380,1600000
4870,28000000
4384,57777106
5823,5596267
391,9868942
1775,9114264
1379,17804565
469,115103979
3390,111858363
7833,85582407
4024,30638
2796,6775121
2706,97838349
1810,2293798
2702,34742066
7668,143049560
7721,19271312
444,47748
3812,63802
6383,115772733
664,70
6041,24963
6530,66700000
5089,19170001
4935,117000198
3226,26781723
322,532950503
7494,623791
4404,111000
265,13060843
3969,254000
1826,24078196
2461,240093
400,58405313
7246,2527904
3720,3347647
2984,116643346
1578,96188903
7405,26667197
7067,256271286
7227,8000000
408,40485039
5314,521170825
7802,1045786
5413,11229
7093,17355
1294,21049053
2141,84025816
1729,13000000
1975,393816
6,85446075
820,9221
1429,102000000
4115,187000000
4912,295206
662,16633035
2803,33082548
1605,5809330
5004,2025032
6454,168462
1465,32000000
3211,0
1047,76286096
2348,5262047
627,29251596
5956,345141403
491,63215872
1045,320145693
5643,28623900
5571,126216940
7797,254212245
6488,4934725
7103,60072596
6711,155895
2868,143451
1302,3484331
7775,17496992
5544,290745055
6469,16900000
7105,196567262
985,58840
3064,237113184
1780,110000000
2004,15071514
3805,9576495
38,92100
6702,500000
1445,25312387
6234,32540674
4493,28078073
434,11130889
7772,48390
4012,13200000
7725,19652185
2935,102000000
146,19510371
2821,21722776
4476,4200000
2134,300257475
974,33000000
4232,64892670
1223,80547866
6290,206678440
1764,27200000
5866,829000000
2289,71368
6620,31756000
1026,27635305
1910,372234864
1880,459359555
3135,54926886
7321,14237880
6918,4678405
7440,108902486
6026,317375031
2812,282358
6379,435000
2223,103166989
1781,5602431
7564,150406466
3218,12764201
4908,83957
1570,93600000
2247,31327899
5795,11744471
672,3485127
4348,17287309
4069,18902015
4272,427418
2650,8900000
565,81010
4751,2000000
3929,119208989
751,113244290
5683,14373825
177,532654
1430,23727301
7400,1528163
2756,41597830
3704,12090735
1490,5000000
7719,5331377
6939,17287898
4444,12000000
245,18755936
1611,103891409
3799,17637950
5217,1119368
2875,32000
2544,42792561
7850,27674124
105,16505460
6612,1040000
5313,0
3391,66122026
1463,7022209
5716,76382
514,53447
5530,43656822
5473,21355893
6194,6264058
7352,38992758
7970,18137661
7290,37150000
930,58795814
4354,55305279
5516,132440069
2632,33463969
5243,117463
6200,249288105
6341,1752038
604,26414658
2883,68369434
1785,268431
6902,82800000
643,8026971
2398,20275812
1837,35294470
7617,30987695
1822,2826523
4920,50097949
1856,400062763
7336,35976000
5978,97231420
7631,20653717
4118,34227298
5141,783000
3924,26810113
1321,128905366
1545,51416464
7988,101624843
2242,132820716
4744,14776760
4027,262552893
6823,8175346
4485,796368
7242,16000000
3441,14618727
316,118338361
842,369975
4142,98376292
5725,91258000
2287,1500000
6214,96408652
1999,27200316
7817,73983359
3360,117224271
1254,404
6440,216639112
6088,17917287
7347,4562146
1637,4152230
913,50068310
3308,8000000
7481,1188194
5981,186167139
3617,15000000
1693,42000000
242,80768
6289,2760000
2497,41954997
3443,15945534
6181,74188937
5664,257043
7150,21766271
7763,17985893
1354,422
6372,64352607
2614,72700000
4086,31611225
6050,51001550
1212,13269963
4995,39187783
458,88923251
7938,294800000
718,32710894
3121,367275019
4996,2666118
3602,0
571,16829545
878,3572443
3065,83
471,459270619
2501,8887603
